C_Name,Location,Contact,Web_Site,,,
Arctic WolfE,New York,(798) 091-4966,,,,
The ZebraE,Chicago,(824) 206-9571,,,,
Purple MangoE,San Diego,(714) 137-5811,,,,
Blue Kite Web,Boston,(539) 045-5795,,,,
The Maroon DoorE,Austin,(240) 258-6462,,,,
Unchained Carrot,Charleston,(362) 865-1225,,,,
The OrangeE,San Fransisco,(349) 877-2746,,,,
AngelaOsE,Los Angeles,(106) 388-6361,,,,
The Tree Fellas,Houston,(231) 191-2296,,,,
Small Giants,Philadelphia,(842) 803-1101,,,,
The Building People,Miami,(431) 315-8021,,,,
Tiny Rebellion,Seattle,(879) 524-9337,,,,