Dp_id,Name,Phone,C_Name
246531,Harley Leyva,(676) 458-5264,Angela?s?
246532,Ivelisse Mauro,(354) 136-8397,The Orange?
246533,Jerrold Messenger,(713) 125-1371,The Tree Fellas
246534,Helen Dexter,(164) 216-4199,Purple Mango?
246535,Marylyn Brockman,(372) 308-5571,Unchained Carrot
246536,Era Garvey,(744) 396-6412,Arctic Wolf?
246537,Adalberto Pantoja,(449) 482-5615,The Building People
246538,Benjamin Hussey,(143) 975-3303,Purple Mango?
246539,Eric Easley,(668) 256-9065,Small Giants
246540,Noel Atkins,(313) 465-7508,Blue Kite Web
246541,Emiko Michaud,(207) 043-9548,The Maroon Door?
246542,Leanora Odell,(659) 037-6360,Blue Kite Web
246543,Man Beauregard,(867) 929-3540,The Zebra?
246544,Burton Sheets,(926) 715-3139,The Orange?
246545,Lucila Eason,(654) 023-8786,Unchained Carrot
246546,Barrett Mchenry,(405) 031-2225,Angela?s?
246547,Claudine Stevenson,(429) 644-0587,The Maroon Door?
246548,Moriah Varela,(383) 950-4204,Arctic Wolf?
246549,Samuel Marion,(537) 963-2860,The Zebra?
246550,Leticia Grayson,(429) 674-0347,Tiny Rebellion